Nom,adresse,ville,metier
Boulangerie Pâtisserie La Gourmandise,"46 Rue de la République, 38430 Moirans, France",Moirans,boulanger
Boulangerie Pâtisserie La Moironnaise,"Pl. de l'Assemblée Départementale, 38430 Moirans, France",Moirans,boulanger
Les Blés du Roi,"6 Pl. Charles de Gaulle, 38430 Moirans, France",Moirans,boulanger
Croustine,"35 Rte de Grenoble, 38430 Moirans, France",Moirans,boulanger
BOULANGERIE ANGE,"6 Rte de Grenoble, 38430 Moirans, France",Moirans,boulanger
Fournil de St Jean,"575 Chem. des Nugues, 38430 Saint-Jean-de-Moirans, France",Saint-Jean-de-Moirans,boulanger
Boulangerie Pâtisserie La Moironnaise,"Pl. de l'Assemblée Départementale, 38430 Moirans, France",Moirans,patissier
Noémie'N Patisserie,"78 Rue de la République, 38430 Moirans, France",Moirans,patissier
Boulangerie Pâtisserie La Gourmandise,"46 Rue de la République, 38430 Moirans, France",Moirans,patissier
Croustine,"35 Rte de Grenoble, 38430 Moirans, France",Moirans,patissier
Les Blés du Roi,"6 Pl. Charles de Gaulle, 38430 Moirans, France",Moirans,patissier
La Chouquette,"40 Rue du Kiosque, 38430 Saint-Jean-de-Moirans, France",Saint-Jean-de-Moirans,patissier
BOULANGERIE ANGE,"6 Rte de Grenoble, 38430 Moirans, France",Moirans,patissier
IRPC,"450 Rte de Voiron, 38430 Moirans, France",Moirans,plombier
"PASCAL (PCC) Plombier, chauffagiste et climatisation - Pays Voironnais","1 All. des Terrasses du Petit Criel, 38430 Moirans, France",Moirans,plombier
Dps pro,"625 Rte de la Chenevière, 38430 Moirans, France",Moirans,plombier
Solyna Energie E.I.,"Rue du Champ de la Cour, 38430 Saint-Jean-de-Moirans, France",Saint-Jean-de-Moirans,plombier
Bertocchi Energies,"30 Av. Louis Moyroud, 38430 Moirans, France",Moirans,plombier
"Artisan climaticien : M. Bytebier, depuis 1986","335 All. des Acacias, 38430 Moirans, France",Moirans,plombier
LSZPlomberie,"7 Chem. de la Croix Rousse, 38500 Voiron, France",Voiron,plombier
Dauphiné Gaz,"42 Av. Abel Rossignol, 38430 Saint-Jean-de-Moirans, France",Saint-Jean-de-Moirans,plombier
Repartim,"170 Rue de Chatagnon, 38430 Moirans, France",Moirans,plombier
Sotherm,"3 Rue de Kerdréan, 38430 Moirans, France",Moirans,plombier
Côté Bouchon Côté Bistrot,"117 Rue de la République, 38430 Moirans, France",Moirans,restaurant
Le petit café,"3 PLACE DU CHAMPS DE MARS, 38430 Saint-Jean-de-Moirans, France",Saint-Jean-de-Moirans,restaurant
RESTAURANT LE CLOS ROMAIN,"CENTR'ALP, 285 Rue du Rocher de Lorzier, 38430 Moirans, France",Moirans,restaurant
Restaurant Le Grill de Moirans,"260 Rue des Pautes, 38430 Moirans, France",Moirans,restaurant
Café de la Mairie,"65 Pl. de l'Assemblée Départementale, 38430 Moirans, France",Moirans,restaurant
L'entretemps,"20 Rte de Grenoble, 38430 Moirans, France",Moirans,restaurant
pacha moirans,"35 Rte de Grenoble, 38430 Moirans, France",Moirans,restaurant
Brasserie la belle chartreuse,"Centr’alp, 131 Rue des Étangs, 38430 Moirans, France",Moirans,restaurant
Carmelina,"1328 Rue Aristide Berges, 38340 Moirans, France",Moirans,restaurant
Le Royal Moirans,"Place Charles de Gaules, 38430 Moirans, France",Moirans,restaurant
Pharmacie du Parc,"2 Rue d'Alboussière, 38430 Moirans, France",Moirans,pharmacie
Pharmacie du Bourg,"137 Rue de la République, 38430 Moirans, France",Moirans,pharmacie
Pharmacie République,"26 Rue de la République, 38430 Moirans, France",Moirans,pharmacie
Pharmoxygene,"Rue d'Alboussière, 38430 Moirans, France",Moirans,pharmacie
SUBLIMDENT Moirans - Centre Dentaire,"105 Rue de la République, 38430 Moirans, France",Moirans,dentiste
Dr Nina PEYRADE KESEBERG,"340 Rue de l'Eygala Batiment le Xénon Allée C 1er étage, 38430 Moirans, France",Moirans,dentiste
Mullier Yann,"batiment Le Xenon, 340 Rue de l'Eygala entrée C, 38430 Moirans, France",Moirans,dentiste
BOULIOU Claire,"RESIDENCE ALLEGRO, 5 b Rue Séraphin Martin, 38430 Moirans, France",Moirans,dentiste
Cabinet Dentaire de la Sure,"340 Rue de l'Eygala, 38430 Moirans, France",Moirans,dentiste
Dental Gloss Docteur Jerome GHANDRICHE,"113 Rue de la République, 38430 Moirans, France",Moirans,dentiste
Ceccaldi Franck,"Le Xenon- Centr'alp, 340 Rue de l'Eygala, 38430 Moirans, France",Moirans,dentiste
Dr Stan Zoltak,"105 Rue de la République, 38430 Moirans, France",Moirans,dentiste
D'Introno Christophe,"immeuble l'impérial, 2 Rue Alphonse Bouffard-Roupé, 38500 Voiron, France",Voiron,dentiste
Dr BERNARD Thomas,"141 Av. Henri Chapays, 38340 Voreppe, France",Voreppe,dentiste
R'look Coiffure,"12 Rue de la République, 38430 Moirans, France",Moirans,coiffeur
Le Melting Coup,"12 Pl. Charles de Gaulle, 38430 Moirans, France",Moirans,coiffeur
L'Atelier Beauty,"5 Rue de la République, 38430 Moirans, France",Moirans,coiffeur
Cœur de beauté,"41 Rte des Vignes, 38430 Moirans, France",Moirans,coiffeur
Au Bouc L'art,"Pl. Charles Gauthier, 38430 Moirans, France",Moirans,coiffeur
JENNIF'HAIR,"14 Pl. Charles de Gaulle, 38430 Moirans, France",Moirans,coiffeur
ID Coiffure Dolores,"8 Rue du 8 Mai 1945, 38430 Moirans, France",Moirans,coiffeur
Art'Coiffure,"39 Rue de la République, 38430 Moirans, France",Moirans,coiffeur
Elora Coiffure,"125 Rue de la République, 38430 Moirans, France",Moirans,coiffeur
Evanescence,"42 Rue de la République, 38430 Moirans, France",Moirans,coiffeur
VIP Barber,"41 Rue de la République, 38430 Moirans, France",Moirans,barbier
Le Melting Coup,"12 Pl. Charles de Gaulle, 38430 Moirans, France",Moirans,barbier
Au Bouc L'art,"Pl. Charles Gauthier, 38430 Moirans, France",Moirans,barbier
R'look Coiffure,"12 Rue de la République, 38430 Moirans, France",Moirans,barbier
BAT BOX,"235 Imp. des Coquelicots, 38500 Coublevie, France",Coublevie,barbier
Barber Crew Voiron,"ZA les blanchisseries, Rue Louis Leprince Ringuet, 38500 Voiron, France",Voiron,barbier
Tristan Coiffeur mixte et barbier,"8 Rue Grande, 38500 Voiron, France",Voiron,barbier
L'Atelier Beauty,"5 Rue de la République, 38430 Moirans, France",Moirans,barbier
Cœur de beauté,"41 Rte des Vignes, 38430 Moirans, France",Moirans,barbier
Élégance coiffure et barber,"73 Av. de la Patinière, 38500 Voiron, France",Voiron,barbier
